Date,House_Price_Index,Stock_Price_Index,Consumer_Price_Index,Population,Unemployment_Rate,Real_GDP,Mortgage_Rate,Real_Disposable_Income
1987-01-01,63.735,14.97068,46.91647,153968000.0,6.6,2.41735,9.204,6159.5
1987-02-01,64.134,15.86818,47.08523,154123000.0,6.6,4.57724,9.0825,6192.1
1987-03-01,64.47,16.48206,47.29619,154229000.0,6.6,3.87276,9.035,6200.0
1987-04-01,64.974,16.22884,47.54933,154362000.0,6.3,4.83973,9.8325,5967.2
1987-05-01,65.549,16.14232,47.7181,154490000.0,6.3,4.51565,10.596,6209.1
1987-06-01,66.22,16.79351,47.88686,154605000.0,6.2,2.73315,10.5375,6200.8
1987-07-01,66.787,17.25948,48.01343,154727000.0,6.1,2.50173,10.278,6218.1
1987-08-01,67.27,18.23986,48.26658,154811000.0,6.0,3.06269,10.33,6244.2
1987-09-01,67.624,17.67034,48.51973,154937000.0,5.9,7.5085,10.8875,6244.3
1987-10-01,67.902,15.56062,48.6463,155054000.0,6.0,9.65063,11.26,6284.5
1987-11-01,68.092,13.58801,48.68849,155168000.0,5.8,5.72805,10.65,6308.9
1987-12-01,68.344,13.3575,48.68849,155258000.0,5.7,2.79289,10.64,6365.4
1988-01-01,68.583,13.91834,48.81506,155396000.0,5.7,-0.74984,10.3825,6378.8
1988-02-01,68.916,14.37273,48.94164,155503000.0,5.7,2.08974,9.8925,6416.0
1988-03-01,69.325,14.84251,49.15259,155607000.0,5.7,5.31818,9.93,6442.2
1988-04-01,69.79,14.70187,49.40574,155702000.0,5.4,7.36538,10.202,6464.3
1988-05-01,70.409,14.35853,49.5745,155830000.0,5.6,4.60213,10.455,6473.4
1988-06-01,71.068,15.12444,49.78546,155985000.0,5.4,2.96125,10.46,6497.4
1988-07-01,71.686,15.06437,49.99641,156130000.0,5.4,0.47343,10.432,6524.5
1988-08-01,72.185,14.78065,50.20737,156203000.0,5.6,2.16221,10.5975,6542.8
1988-09-01,72.574,15.00061,50.5449,156284000.0,5.4,4.75155,10.48,6555.5
1988-10-01,72.823,15.48469,50.71366,156395000.0,5.4,6.13218,10.3025,6590.4
1988-11-01,73.065,15.11941,50.75585,156447000.0,5.3,6.11954,10.265,6592.6
1988-12-01,73.279,15.38439,50.84024,156527000.0,5.3,5.37072,10.612,6625.1
1989-01-01,73.618,15.88492,51.09338,156752000.0,5.4,3.88311,10.73,6653.4
1989-02-01,73.969,16.3478,51.30434,156812000.0,5.2,2.33293,10.645,6673.2
1989-03-01,74.411,16.30056,51.59967,156886000.0,5.0,3.21547,11.032,6706.7
1989-04-01,74.868,16.7725,51.9372,156959000.0,5.2,3.1356,11.05,6672.3
1989-05-01,75.296,17.35978,52.23254,157044000.0,5.2,2.66746,10.7725,6641.7
1989-06-01,75.697,17.90099,52.35911,157177000.0,5.3,3.86258,10.196,6660.5
1989-07-01,76.043,18.33109,52.48569,157284000.0,5.2,2.63411,9.8825,6683.9
1989-08-01,76.274,19.10661,52.57007,157385000.0,5.2,4.22558,9.985,6701.6
1989-09-01,76.422,19.11225,52.73883,157474000.0,5.3,-0.16849,10.126,6721.7
1989-10-01,76.489,19.06244,52.99198,157568000.0,5.3,-1.21691,9.9475,6754.8
1989-11-01,76.522,18.66268,53.11855,157612000.0,5.4,1.48508,9.7675,6761.3
1989-12-01,76.498,19.07521,53.20293,157703000.0,5.4,3.87224,9.744,6761.4
1990-01-01,76.527,18.56648,53.75142,159353000.0,5.4,4.82064,9.895,6801.0
1990-02-01,76.587,18.07759,54.00457,159442000.0,5.3,6.25524,10.1975,6815.1
1990-03-01,76.79,18.44583,54.2999,159547000.0,5.2,2.95386,10.268,6816.9
1990-04-01,77.038,18.38141,54.38428,159631000.0,5.4,-0.62873,10.37,6860.6
1990-05-01,77.297,18.94923,54.51086,159724000.0,5.4,0.77584,10.4775,6852.4
1990-06-01,77.505,19.47706,54.8062,159812000.0,5.2,1.18052,10.164,6862.3
1990-07-01,77.56,19.47469,55.01715,159904000.0,5.5,0.66157,10.035,6886.1
1990-08-01,77.479,17.96866,55.52344,160041000.0,5.7,0.04046,10.1,6842.8
1990-09-01,77.229,17.15432,55.98755,160191000.0,5.9,-2.79009,10.175,6839.5
1990-10-01,76.913,16.64209,56.32507,160331000.0,5.9,-4.26267,10.1775,6783.4
1990-11-01,76.381,17.05451,56.45165,160467000.0,6.2,-5.86011,10.014,6785.1
1990-12-01,75.972,17.78271,56.45165,160564000.0,6.3,-2.86938,9.6725,6824.1
1991-01-01,75.533,17.62213,56.78918,160655000.0,6.4,-1.19597,9.6375,6804.7
1991-02-01,75.25,19.58308,56.87356,160710000.0,6.6,-1.22228,9.365,6814.0
1991-03-01,75.137,20.15921,56.95794,160794000.0,6.8,0.74864,9.5,6824.9
1991-04-01,75.318,20.56992,57.04232,160921000.0,6.7,5.20828,9.4925,6851.7
1991-05-01,75.769,20.49271,57.21109,161017000.0,6.9,4.65917,9.472,6852.9
1991-06-01,76.254,20.53056,57.37985,161141000.0,6.9,2.73464,9.615,6888.5
1991-07-01,76.518,20.62734,57.46423,161217000.0,6.8,1.61911,9.575,6875.2
1991-08-01,76.595,21.12646,57.633,161354000.0,6.9,0.74995,9.244,6891.4
1991-09-01,76.576,21.04894,57.88614,161521000.0,6.9,1.64652,9.0075,6910.5
1991-10-01,76.291,21.10341,57.97053,161663000.0,7.0,0.52321,8.855,6921.1
1991-11-01,76.031,21.11836,58.13929,161798000.0,7.0,1.88336,8.712,6932.2
1991-12-01,75.844,21.21873,58.18148,161905000.0,7.3,3.16743,8.4975,6995.7
1992-01-01,75.699,22.71159,58.26586,161987000.0,7.3,5.4103,8.432,7065.3
1992-02-01,75.654,22.59063,58.47682,162071000.0,7.4,6.23765,8.7625,7097.8
1992-03-01,75.813,22.30278,58.77216,162166000.0,7.4,5.89348,8.935,7105.5
1992-04-01,76.08,22.23713,58.85654,162262000.0,7.4,3.8411,8.8525,7126.8
1992-05-01,76.398,22.63904,58.94092,162352000.0,7.6,2.79888,8.672,7161.1
1992-06-01,76.602,22.24978,59.15188,162493000.0,7.8,3.69896,8.51,7191.7
1992-07-01,76.711,22.59568,59.27845,162625000.0,7.7,4.8003,8.128,7187.0
1992-08-01,76.731,22.78407,59.44721,162801000.0,7.6,2.87505,7.975,7212.8
1992-09-01,76.628,22.78986,59.61598,162977000.0,7.6,5.0524,7.9225,7179.5
1992-10-01,76.598,22.47702,59.82693,163122000.0,7.3,5.52701,8.088,7133.6
1992-11-01,76.579,23.05813,59.91131,163275000.0,7.4,3.50959,8.305,7144.5
1992-12-01,76.464,23.71526,59.86912,163388000.0,7.4,0.78085,8.206,7399.0
1993-01-01,76.395,23.73477,60.16446,163513000.0,7.3,-0.55633,7.9925,7237.6
1993-02-01,76.328,24.10519,60.37542,163621000.0,7.1,0.35192,7.6825,7271.8
1993-03-01,76.383,24.5713,60.58637,163694000.0,7.0,1.88839,7.495,7249.2
1993-04-01,76.661,24.23496,60.75514,163831000.0,7.1,3.22287,7.472,7286.8
1993-05-01,77.03,24.36321,60.83952,163943000.0,7.1,2.88072,7.465,7276.3
1993-06-01,77.516,24.47691,60.9239,164094000.0,7.0,1.34381,7.4175,7262.9
1993-07-01,77.885,24.54492,60.9239,164233000.0,6.9,0.59098,7.206,7281.2
1993-08-01,78.131,24.94888,61.09266,164379000.0,6.8,2.27994,7.1125,7291.8
1993-09-01,78.198,25.23904,61.21924,164543000.0,6.7,5.23267,6.915,7271.9
1993-10-01,78.172,25.5033,61.47238,164699000.0,6.8,7.00335,6.834,7236.4
1993-11-01,78.17,25.34482,61.51457,164884000.0,6.6,5.41373,7.155,7256.4
1993-12-01,78.114,25.52289,61.51457,165010000.0,6.5,4.05375,7.172,7503.7
1994-01-01,78.199,25.95653,61.68334,165121000.0,6.6,2.64808,7.06,7363.1
1994-02-01,78.205,25.94262,61.89429,165254000.0,6.6,3.28231,7.1525,7377.2
1994-03-01,78.35,25.48287,62.10525,165327000.0,6.5,6.7058,7.675,7401.7
1994-04-01,78.702,24.55667,62.18963,165476000.0,6.4,6.09297,8.316,7402.0
1994-05-01,79.209,24.7144,62.23182,165577000.0,6.1,5.37559,8.5975,7487.4
1994-06-01,79.702,24.87754,62.44278,165694000.0,6.1,2.74716,8.3975,7475.5
1994-07-01,80.064,24.68769,62.61154,165797000.0,6.1,0.49894,8.614,7481.7
1994-08-01,80.317,25.36024,62.86469,165928000.0,6.0,2.26366,8.5125,7490.5
1994-09-01,80.34,25.51085,63.03345,166129000.0,5.9,4.08694,8.64,7523.2
1994-10-01,80.304,25.27446,63.07564,166289000.0,5.8,5.61891,8.925,7594.7
1994-11-01,80.17,25.00329,63.16003,166445000.0,5.6,5.242,9.17,7594.4
1994-12-01,80.079,24.62429,63.16003,166584000.0,5.5,3.2383,9.198,7629.1
1995-01-01,80.027,25.11062,63.41317,166467000.0,5.6,0.32582,9.1475,7653.7
1995-02-01,79.993,25.93257,63.66632,166591000.0,5.4,-0.19159,8.8275,7669.1
1995-03-01,80.079,26.42236,63.87727,166690000.0,5.4,0.43726,8.462,7690.3
1995-04-01,80.37,27.17155,64.08823,166791000.0,5.8,0.83587,8.32,7633.6
1995-05-01,80.692,27.90742,64.2148,166897000.0,5.6,2.14188,7.955,7710.9
1995-06-01,81.069,28.67153,64.34138,167023000.0,5.6,3.22417,7.566,7734.0
1995-07-01,81.412,29.52861,64.34138,167150000.0,5.7,2.66241,7.6075,7751.4
1995-08-01,81.655,29.71381,64.51014,167310000.0,5.7,5.02565,7.86,7756.6
1995-09-01,81.739,30.73981,64.63671,167459000.0,5.6,3.8607,7.636,7782.0
1995-10-01,81.728,30.87537,64.84767,167628000.0,5.5,1.87176,7.475,7790.9
1995-11-01,81.632,31.44986,64.80548,167753000.0,5.6,1.8355,7.3775,7812.3
1995-12-01,81.514,32.47175,64.76329,167879000.0,5.6,2.3412,7.2,7823.0
1996-01-01,81.428,32.60315,65.14301,167929000.0,5.6,1.35459,7.03,7833.7
1996-02-01,81.4,34.30991,65.35396,168093000.0,5.5,5.09406,7.075,7894.3
1996-03-01,81.666,34.33728,65.69149,168257000.0,5.5,6.10238,7.624,7919.9
1996-04-01,82.126,34.41353,65.94464,168457000.0,5.6,7.9253,7.925,7872.3
1996-05-01,82.603,35.14032,66.07121,168604000.0,5.6,6.99994,8.07,7972.0
1996-06-01,83.049,35.48436,66.1134,168760000.0,5.3,4.45978,8.32,8020.3
1996-07-01,83.419,34.21694,66.23997,168918000.0,5.5,1.90951,8.245,7999.4
1996-08-01,83.646,35.1152,66.36655,169078000.0,5.1,2.91778,8.002,8019.8
1996-09-01,83.703,35.7465,66.5775,169248000.0,5.2,4.65905,8.23,8038.7
1996-10-01,83.63,36.99175,66.78846,169408000.0,5.2,5.11995,7.915,8038.2
1996-11-01,83.557,38.49857,66.91503,169585000.0,5.4,4.22841,7.618,8060.2
1996-12-01,83.491,38.78163,66.91503,169734000.0,5.4,1.13618,7.5975,8087.7
1997-01-01,83.531,39.9673,67.12599,170318000.0,5.3,0.53809,7.824,8110.8
1997-02-01,83.597,41.45096,67.33694,170458000.0,5.2,4.47346,7.65,8133.4
1997-03-01,83.912,41.26777,67.50571,170598000.0,5.2,6.12688,7.8975,8172.1
1997-04-01,84.322,39.71159,67.59009,170783000.0,5.1,7.93412,8.1425,8178.2
1997-05-01,84.865,42.91642,67.5479,170934000.0,4.9,6.63022,7.944,8214.1
1997-06-01,85.399,45.26382,67.63228,171055000.0,5.0,5.52885,7.69,8240.5
1997-07-01,85.842,47.62737,67.71666,171192000.0,4.9,5.0768,7.4975,8271.7
1997-08-01,86.151,47.68659,67.84323,171336000.0,4.8,4.10852,7.48,8314.6
1997-09-01,86.311,48.49962,68.012,171502000.0,4.9,3.61939,7.43,8336.4
1997-10-01,86.409,49.44086,68.18076,171659000.0,4.7,3.007,7.294,8377.6
1997-11-01,86.633,48.73145,68.13857,171867000.0,4.6,3.39921,7.205,8431.8
1997-12-01,86.849,49.97653,68.05419,172027000.0,4.7,3.6127,7.095,8480.3
1998-01-01,87.164,49.9245,68.18076,172061000.0,4.6,4.31719,6.994,8554.9
1998-02-01,87.374,52.69964,68.30734,172244000.0,4.6,4.35249,7.0425,8608.9
1998-03-01,87.878,55.5262,68.43391,172396000.0,4.7,3.53181,7.1275,8658.3
1998-04-01,88.558,57.24488,68.56048,172553000.0,4.3,3.48908,7.14,8685.6
1998-05-01,89.374,56.88943,68.68706,172750000.0,4.4,4.02785,7.144,8721.1
1998-06-01,90.195,56.42339,68.77144,172882000.0,4.5,3.23225,6.9975,8770.5
1998-07-01,90.86,58.07058,68.85582,172997000.0,4.5,4.23541,6.952,8786.0
1998-08-01,91.407,53.39362,68.9402,173192000.0,4.5,7.40732,6.9225,8814.4
1998-09-01,91.753,50.16512,69.02458,173361000.0,4.6,6.80641,6.7225,8840.5
1998-10-01,92.001,50.65313,69.19335,173537000.0,4.5,7.1366,6.71,8853.3
1998-11-01,92.199,55.87901,69.19335,173824000.0,4.4,5.51983,6.865,8889.8
1998-12-01,92.445,57.03838,69.15116,173995000.0,4.4,4.23459,6.738,8907.1
1999-01-01,92.715,58.96622,69.31992,174342000.0,4.3,3.39159,6.785,8956.4
1999-02-01,92.981,58.29973,69.4043,174517000.0,4.4,3.44443,6.8075,8987.9
1999-03-01,93.611,59.78408,69.61526,174664000.0,4.2,2.783,7.04,8996.9
1999-04-01,94.436,62.16686,70.12155,174817000.0,4.3,3.08035,6.916,8969.0
1999-05-01,95.361,62.94555,70.12155,174995000.0,4.2,3.8435,7.145,8986.1
1999-06-01,96.365,62.34271,70.12155,175152000.0,4.3,3.98804,7.55,9018.1
1999-07-01,97.193,64.2543,70.33251,175301000.0,4.3,5.43364,7.632,9036.7
1999-08-01,97.899,61.5006,70.50127,175493000.0,4.2,6.07439,7.9425,9076.4
1999-09-01,98.401,60.19794,70.8388,175646000.0,4.2,7.05618,7.8225,9066.3
1999-10-01,98.833,59.32374,70.96537,175902000.0,4.1,8.82138,7.852,9117.2
1999-11-01,99.15,62.80751,71.00756,176106000.0,4.1,5.41608,7.7375,9177.2
1999-12-01,99.545,63.19875,71.00756,176294000.0,4.0,1.17526,7.912,9248.6
2000-01-01,100.0,62.86602,71.21852,178143000.0,4.0,-1.41958,8.21,9309.1
2000-02-01,100.571,59.92387,71.64043,178266000.0,4.1,0.8504,8.325,9345.2
2000-03-01,101.466,61.62468,72.23111,178414000.0,4.0,7.89566,8.24,9370.3
2000-04-01,102.54,64.01819,72.2733,178578000.0,3.8,10.89815,8.1525,9418.3
2000-05-01,103.701,63.33833,72.35768,178785000.0,4.0,6.81501,8.515,9457.3
2000-06-01,104.855,64.33157,72.7374,179005000.0,4.0,1.95857,8.288,9483.3
2000-07-01,105.721,64.67894,72.90616,179227000.0,4.0,-2.72743,8.1475,9533.3
2000-08-01,106.521,65.96814,72.90616,179385000.0,4.1,-1.16839,8.0275,9591.5
2000-09-01,107.135,66.10834,73.28588,179587000.0,3.9,3.39312,7.912,9601.5
2000-10-01,107.728,64.02615,73.41246,179811000.0,3.9,4.08837,7.795,9627.4
2000-11-01,108.291,63.94636,73.45465,179976000.0,3.9,2.41582,7.745,9629.8
2000-12-01,108.791,63.89026,73.41246,180146000.0,3.9,-1.37006,7.382,9647.6
2001-01-01,109.214,64.42541,73.87656,180310000.0,4.2,-3.45651,7.0325,9697.4
2001-02-01,109.641,64.176,74.17189,180529000.0,4.2,-1.94468,7.05,9708.8
2001-03-01,110.393,59.7594,74.34066,180659000.0,4.3,2.89202,6.952,9733.9
2001-04-01,111.247,60.09292,74.636,180889000.0,4.4,4.54146,7.0775,9705.0
2001-05-01,112.202,63.83125,74.97353,181056000.0,4.3,3.17078,7.145,9680.9
2001-06-01,113.272,62.47472,75.1001,181278000.0,4.5,-1.51624,7.16,9679.4
2001-07-01,114.226,60.79872,74.88914,181549000.0,4.6,-3.59977,7.1275,9820.7
2001-08-01,114.987,59.8657,74.88914,181776000.0,4.9,-1.9562,6.95,9982.1
2001-09-01,115.464,54.59542,75.22667,181988000.0,5.0,0.11888,6.8175,9896.5
2001-10-01,115.68,55.06464,74.97353,182162000.0,5.3,1.37649,6.6175,9722.4
2001-11-01,115.837,56.99183,74.84695,182360000.0,5.5,2.26783,6.658,9733.4
2001-12-01,116.054,57.73238,74.55161,182492000.0,5.7,3.03938,7.065,9750.3
2002-01-01,116.436,57.62083,74.72038,182698000.0,5.7,4.03945,6.9975,9951.9
2002-02-01,116.916,56.41106,75.01572,182910000.0,5.7,3.30726,6.8925,9966.6
2002-03-01,117.929,59.49042,75.43763,183086000.0,5.7,2.60607,7.014,9973.3
2002-04-01,119.209,58.18821,75.85954,183260000.0,5.9,2.33784,6.985,10007.2
2002-05-01,120.788,57.0232,75.85954,183452000.0,5.8,2.1416,6.806,10047.9
2002-06-01,122.333,53.90806,75.90173,183632000.0,5.8,2.28852,6.65,10078.5
2002-07-01,123.687,48.25622,75.98611,183869000.0,5.8,1.57684,6.485,10053.5
2002-08-01,124.73,48.70765,76.23926,184103000.0,5.7,1.35961,6.29,10056.6
2002-09-01,125.494,46.76304,76.36583,184304000.0,5.7,0.30676,6.0925,10068.3
2002-10-01,126.136,45.54277,76.4924,184460000.0,5.7,0.06858,6.1125,10097.3
2002-11-01,126.642,47.87475,76.4924,184630000.0,5.9,1.05575,6.068,10124.3
2002-12-01,127.15,47.52485,76.32364,184737000.0,6.0,0.41549,6.0475,10148.6
2003-01-01,127.652,47.34989,76.66117,185776000.0,5.8,2.93699,5.916,10133.6
2003-02-01,128.326,44.37599,77.25184,185999000.0,5.9,2.7228,5.8425,10097.6
2003-03-01,129.308,44.24553,77.71594,186175000.0,5.9,2.40744,5.745,10121.5
2003-04-01,130.488,46.62976,77.54718,186398000.0,6.0,2.53831,5.8125,10181.4
2003-05-01,131.839,49.36493,77.42061,186580000.0,6.1,5.02454,5.484,10261.2
2003-06-01,133.225,52.29276,77.50499,186781000.0,6.3,6.82424,5.23,10291.2
2003-07-01,134.646,52.14393,77.58937,187003000.0,6.2,7.40675,5.6325,10415.5
2003-08-01,135.965,52.26897,77.88471,187214000.0,6.1,6.19333,6.264,10487.7
2003-09-01,137.076,53.80064,78.13786,187454000.0,6.1,6.24659,6.1475,10369.1
2003-10-01,137.976,55.20531,78.05347,187653000.0,6.0,4.50996,5.952,10408.4
2003-11-01,138.765,56.13243,77.84252,187863000.0,5.8,3.4548,5.9325,10470.9
2003-12-01,139.628,58.51985,77.75814,188077000.0,5.7,2.17602,5.876,10479.0
2004-01-01,140.705,61.47464,78.13786,187710000.0,5.7,1.59295,5.7125,10472.7
2004-02-01,142.029,62.40279,78.55977,187892000.0,5.6,2.4987,5.635,10491.3
2004-03-01,144.08,61.57739,79.06606,188075000.0,5.8,2.96756,5.445,10533.6
2004-04-01,146.179,61.8445,79.3192,188258000.0,5.6,3.0269,5.83,10569.6
2004-05-01,148.334,59.72372,79.78331,188421000.0,5.6,3.43442,6.27,10623.3
2004-06-01,150.518,61.33126,80.03645,188624000.0,5.6,3.54849,6.2875,10631.8
2004-07-01,152.337,60.38981,79.90988,188805000.0,5.5,4.08029,6.056,10658.1
2004-08-01,153.814,59.49894,79.95207,189023000.0,5.4,3.7555,5.8675,10693.5
2004-09-01,155.108,61.34568,80.12084,189243000.0,5.4,3.43947,5.754,10701.4
2004-10-01,156.299,61.89985,80.54275,189434000.0,5.5,4.06248,5.7225,10707.4
2004-11-01,157.496,64.97322,80.58494,189648000.0,5.4,4.27742,5.73,10677.3
2004-12-01,158.67,66.84936,80.2896,189844000.0,5.4,5.23874,5.752,11072.9
2005-01-01,160.13,66.09673,80.45836,189949000.0,5.3,5.26845,5.71,10670.3
2005-02-01,161.924,67.847,80.92247,190108000.0,5.4,3.90677,5.6275,10677.1
2005-03-01,164.576,68.08077,81.55533,190281000.0,5.2,1.38504,5.928,10717.4
2005-04-01,166.999,66.29041,82.10382,190459000.0,5.2,1.37737,5.855,10751.9
2005-05-01,169.544,66.47941,82.01943,190656000.0,5.1,1.6336,5.72,10799.8
2005-06-01,172.015,67.7982,82.06162,190878000.0,5.0,3.40864,5.582,10824.4
2005-07-01,174.097,69.14153,82.44134,191069000.0,5.0,3.76114,5.695,10839.0
2005-08-01,175.922,70.08316,82.86325,191272000.0,4.9,3.93929,5.82,10856.6
2005-09-01,177.61,71.01159,83.87584,191525000.0,5.0,0.56288,5.774,10815.7
2005-10-01,178.752,69.05574,84.0446,191753000.0,5.0,0.93667,6.065,10870.2
2005-11-01,179.674,71.11321,83.36955,192003000.0,5.0,3.34709,6.33,10937.8
2005-12-01,180.107,72.95638,83.03202,192217000.0,4.9,5.80852,6.272,10976.2
2006-01-01,180.828,74.89481,83.66488,192191000.0,4.7,6.86871,6.145,11096.7
2006-02-01,181.5,75.36825,83.83365,192368000.0,4.8,5.00056,6.2525,11151.4
2006-03-01,182.749,76.55873,84.29775,192514000.0,4.7,2.66659,6.324,11195.7
2006-04-01,183.648,78.15821,85.015,192690000.0,4.7,-0.11264,6.5075,11190.3
2006-05-01,184.38,78.19043,85.43691,192874000.0,4.6,-0.33298,6.5975,11182.7
2006-06-01,184.547,74.79095,85.60567,193064000.0,4.6,-0.50841,6.682,11198.2
2006-07-01,184.607,75.96101,85.85882,193287000.0,4.7,-0.21364,6.7625,11196.3
2006-08-01,184.404,77.68767,86.02758,193496000.0,4.7,2.0239,6.524,11189.6
2006-09-01,184.198,78.53902,85.60567,193687000.0,4.5,3.35717,6.4025,11252.3
2006-10-01,184.055,81.02309,85.14157,193878000.0,4.4,4.10601,6.3575,11306.0
2006-11-01,183.633,82.98522,85.015,194101000.0,4.5,3.48616,6.24,11353.1
2006-12-01,183.231,85.11808,85.14157,194267000.0,4.4,2.21158,6.135,11406.8
2007-01-01,182.72,85.53719,85.40147,194704000.0,4.6,-0.56931,6.2175,11403.7
2007-02-01,182.472,87.57293,85.8584,194878000.0,4.5,0.93025,6.285,11439.6
2007-03-01,182.194,85.42087,86.6402,195021000.0,4.4,2.51244,6.156,11475.0
2007-04-01,182.132,89.44111,87.20303,195205000.0,4.5,2.86234,6.18,11490.1
2007-05-01,181.885,92.02119,87.7359,195347000.0,4.4,3.04602,6.262,11495.5
2007-06-01,181.54,92.69252,87.90593,195506000.0,4.6,2.27103,6.6575,11488.4
2007-07-01,180.993,93.54097,87.88357,195724000.0,4.7,1.61613,6.695,11500.4
2007-08-01,180.235,88.41669,87.7224,195921000.0,4.6,2.81069,6.572,11506.2
2007-09-01,179.122,91.48968,87.96415,196110000.0,4.7,3.55416,6.3825,11527.1
2007-10-01,177.53,95.14953,88.15233,196271000.0,4.7,3.36136,6.375,11523.6
2007-11-01,175.162,91.09005,88.67592,196428000.0,4.7,1.79287,6.208,11512.3
2007-12-01,173.338,91.88257,88.61643,196553000.0,5.0,-1.71762,6.095,11552.1
2008-01-01,171.079,85.92138,89.0569,195806000.0,5.0,-3.36969,5.758,11553.4
2008-02-01,169.193,84.64895,89.31553,195943000.0,4.9,-2.2313,5.9175,11547.6
2008-03-01,167.905,82.16946,90.08974,196070000.0,5.1,1.52575,5.97,11545.3
2008-04-01,167.323,85.92222,90.63611,196196000.0,5.0,4.17523,5.9175,11500.7
2008-05-01,167.02,88.26169,91.39935,196351000.0,5.4,3.12778,6.036,12060.9
2008-06-01,166.537,84.26327,92.32038,196517000.0,5.6,0.94999,6.32,11755.3
2008-07-01,165.714,78.95064,92.80516,196699000.0,5.8,-1.54497,6.426,11574.0
2008-08-01,164.279,78.31818,92.43472,196860000.0,6.1,-5.11452,6.4775,11506.9
2008-09-01,161.913,74.07194,92.30688,197042000.0,6.1,-9.17957,6.0375,11531.5
2008-10-01,159.164,57.41563,91.37446,197175000.0,6.5,-9.21839,6.2,11616.7
2008-11-01,156.072,51.77961,89.62437,197347000.0,6.8,-10.28488,6.0875,11713.8
2008-12-01,152.544,51.73662,88.69744,197513000.0,7.3,-7.77381,5.286,11655.4
2009-01-01,149.361,51.37847,89.08348,197062000.0,7.8,-4.11352,5.0475,11718.0
2009-02-01,147.616,47.38305,89.52649,197204000.0,8.3,-1.16011,5.13,11598.7
2009-03-01,146.514,44.39098,89.7442,197304000.0,8.7,-1.71168,5.0025,11593.4
2009-04-01,146.943,50.01417,89.96823,197410000.0,9.0,-0.53005,4.81,11660.2
2009-05-01,148.171,54.52264,90.22813,197547000.0,9.4,-0.10379,4.8575,11826.7
2009-06-01,149.797,56.05994,91.00318,197688000.0,9.5,0.28418,5.42,11610.9
2009-07-01,150.748,56.34072,90.85888,197891000.0,9.5,1.16851,5.222,11560.4
2009-08-01,150.667,61.60015,91.06267,198028000.0,9.6,2.07097,5.1925,11538.6
2009-09-01,149.625,63.97417,91.11962,198179000.0,9.8,4.87616,5.0575,11573.1
2009-10-01,148.582,65.43232,91.20738,198318000.0,10.0,5.28289,4.952,11538.1
2009-11-01,147.937,66.3718,91.27193,198446000.0,9.9,4.36647,4.875,11571.0
2009-12-01,146.664,67.16471,91.11119,198562000.0,9.9,1.85954,4.93,11630.0
2010-01-01,145.003,67.98262,91.42256,198431000.0,9.8,1.28311,5.03,11644.6
2010-02-01,143.055,65.13094,91.44534,198554000.0,9.8,1.24534,4.99,11655.6
2010-03-01,143.597,68.83686,91.82084,198660000.0,9.9,3.53054,4.9675,11702.1
2010-04-01,145.402,71.22054,91.98032,198756000.0,9.9,4.39954,5.098,11799.8
2010-05-01,147.037,65.55708,92.05162,198911000.0,9.6,4.91095,4.8875,11887.9
2010-06-01,147.702,63.38497,91.96176,199022000.0,9.4,3.32695,4.7375,11895.0
2010-07-01,147.563,63.66211,91.98117,199182000.0,9.4,2.73454,4.564,11910.8
2010-08-01,146.428,64.83236,92.10816,199308000.0,9.5,2.45105,4.4275,11949.7
2010-09-01,144.608,66.91848,92.16174,199445000.0,9.5,3.06617,4.346,11949.4
2010-10-01,143.127,70.07586,92.2765,199624000.0,9.4,2.85042,4.225,11950.4
2010-11-01,141.819,71.24583,92.31532,199742000.0,9.8,1.30877,4.3,11960.5
2010-12-01,140.633,73.43909,92.47396,199844000.0,9.3,-1.09818,4.714,12030.1
2011-01-01,139.045,75.83663,92.91443,199321000.0,9.1,-3.11364,4.755,12084.4
2011-02-01,137.742,78.38196,93.37263,199449000.0,9.0,-1.11132,4.9525,12117.0
2011-03-01,137.793,77.49942,94.28311,199550000.0,9.0,3.76405,4.836,12083.3
2011-04-01,139.161,79.34372,94.89024,199668000.0,9.1,4.37308,4.84,12061.3
2011-05-01,140.693,78.79452,95.33662,199825000.0,9.0,2.73461,4.6375,12043.2
2011-06-01,141.945,75.94405,95.23452,199914000.0,9.1,-0.68413,4.51,12087.9
2011-07-01,142.341,77.67409,95.3189,200036000.0,9.0,-2.06621,4.545,12128.6
2011-08-01,141.785,68.76671,95.58175,200093000.0,9.0,0.01063,4.27,12120.6
2011-09-01,140.169,66.55734,95.72689,200134000.0,9.0,3.42761,4.106,12104.0
2011-10-01,138.412,67.9489,95.52943,200224000.0,8.8,6.14638,4.0675,12117.0
2011-11-01,136.668,68.64421,95.44885,200233000.0,8.6,5.32478,3.9925,12112.6
2011-12-01,135.169,69.36818,95.21342,200220000.0,8.5,4.19701,3.958,12227.3
2012-01-01,134.167,72.31305,95.63238,201184000.0,8.3,2.93702,3.915,12311.1
2012-02-01,133.993,75.61419,96.05345,201204000.0,8.3,2.42967,3.89,12384.8
2012-03-01,135.862,76.48755,96.78293,201225000.0,8.2,1.94385,3.954,12431.1
2012-04-01,138.472,75.3469,97.07532,201303000.0,8.2,1.97051,3.91,12486.5
2012-05-01,141.051,72.17182,96.9614,201365000.0,8.2,1.54386,3.798,12490.2
2012-06-01,143.171,70.76199,96.81922,201404000.0,8.2,1.04418,3.675,12482.6
2012-07-01,144.283,72.79951,96.66142,201478000.0,8.2,0.83384,3.55,12396.5
2012-08-01,144.705,75.0352,97.19936,201484000.0,8.1,0.24395,3.602,12364.4
2012-09-01,144.357,77.42225,97.63308,201494000.0,7.8,-0.31479,3.4975,12453.3
2012-10-01,143.967,77.60919,97.59511,201570000.0,7.8,-0.51822,3.3825,12538.2
2012-11-01,143.96,76.13493,97.1327,201617000.0,7.7,1.16381,3.352,12702.9
2012-12-01,143.867,78.39357,96.87111,201655000.0,7.9,3.54612,3.345,13011.6
2013-01-01,144.312,81.92726,97.15759,201939000.0,8.0,4.63325,3.414,12258.9
2013-02-01,145.163,83.34364,97.95331,201977000.0,7.7,4.17487,3.5325,12224.9
2013-03-01,147.962,84.68098,98.20941,202009000.0,7.5,0.61116,3.565,12262.1
2013-04-01,150.97,85.15526,98.10731,202104000.0,7.6,-0.98952,3.445,12299.0
2013-05-01,153.863,88.4166,98.28198,202171000.0,7.5,0.31754,3.536,12358.6
2013-06-01,156.433,86.20319,98.51783,202245000.0,7.5,1.94695,4.07,12361.7
2013-07-01,158.296,88.49967,98.55664,202303000.0,7.3,3.29888,4.37,12350.6
2013-08-01,159.404,88.94304,98.6752,202352000.0,7.2,4.77619,4.456,12379.6
2013-09-01,159.682,90.11507,98.78996,202458000.0,7.2,4.71796,4.49,12431.5
2013-10-01,159.562,92.16814,98.53555,202494000.0,7.2,3.68415,4.192,12395.1
2013-11-01,159.366,94.64921,98.3343,202569000.0,6.9,1.45895,4.255,12426.2
2013-12-01,159.284,95.09109,98.32586,202590000.0,6.7,-2.65296,4.4575,12452.7
2014-01-01,159.374,95.98233,98.69166,202650000.0,6.6,-3.96084,4.432,12513.3
2014-02-01,159.878,95.36447,99.05661,202683000.0,6.7,-0.46768,4.3025,12579.5
2014-03-01,161.194,97.53705,99.69454,202697000.0,6.7,4.02002,4.3425,12648.6
2014-04-01,162.972,98.45526,100.02321,202801000.0,6.2,6.28386,4.3375,12699.0
2014-05-01,164.686,99.72694,100.37255,202835000.0,6.3,6.76573,4.192,12745.0
2014-06-01,166.215,102.13384,100.55945,202939000.0,6.1,5.98718,4.1625,12797.2
2014-07-01,167.14,102.87739,100.52022,203021000.0,6.2,5.04725,4.13,12835.1
2014-08-01,167.455,101.52835,100.3523,203113000.0,6.1,3.00061,4.115,12896.3
2014-09-01,167.246,102.38794,100.42782,203197000.0,5.9,1.81169,4.1625,12938.8
2014-10-01,166.915,98.07211,100.17551,203259000.0,5.7,0.82001,4.036,12995.3
2014-11-01,166.663,102.26019,99.63463,203310000.0,5.8,1.83768,3.9975,13062.8
2014-12-01,166.467,101.37653,99.06969,203342000.0,5.6,3.36424,3.864,13150.5
2015-01-01,166.258,100.07909,98.60348,203943000.0,5.7,3.46473,3.67,13224.7
2015-02-01,166.642,102.77558,99.03172,203963000.0,5.5,3.39875,3.71,13271.8
2015-03-01,168.098,102.25372,99.62112,203989000.0,5.4,3.40058,3.77,13233.7
2015-04-01,169.977,103.8488,99.82364,204049000.0,5.4,2.03094,3.672,13262.8
2015-05-01,171.856,104.40681,100.33247,204126000.0,5.6,1.46744,3.84,13284.7
2015-06-01,173.457,103.16323,100.68392,204243000.0,5.3,1.60712,3.9825,13292.7
2015-07-01,174.502,101.69384,100.69067,204348000.0,5.2,1.85477,4.046,13324.1
2015-08-01,174.946,98.64014,100.54806,204454000.0,5.1,0.60845,3.905,13354.9
2015-09-01,175.055,93.22412,100.39153,204527000.0,5.0,0.1587,3.89,13392.0
2015-10-01,175.062,96.70031,100.34639,204565000.0,5.0,0.23866,3.796,13419.8
2015-11-01,175.157,97.66067,100.13459,204627000.0,5.1,0.66649,3.9425,13417.7
2015-12-01,175.133,95.55366,99.79242,204667000.0,5.0,2.28599,3.964,13482.0
2016-01-01,175.055,89.20781,99.95739,205075000.0,4.8,3.44298,3.8725,13531.6
2016-02-01,175.301,88.24099,100.03966,205152000.0,4.9,2.31285,3.66,13546.1
2016-03-01,176.619,94.19507,100.47043,205243000.0,5.0,0.95798,3.694,13547.2
2016-04-01,178.509,96.83752,100.94677,205300000.0,5.1,0.70674,3.605,13522.0
2016-05-01,180.354,96.83658,101.35518,205363000.0,4.8,0.99459,3.6,13515.1
2016-06-01,181.926,97.52459,101.68806,205441000.0,4.9,2.52806,3.568,13521.5
2016-07-01,183.03,99.9992,101.52352,205532000.0,4.8,3.04461,3.44,13567.1
2016-08-01,183.668,101.04798,101.61676,205652000.0,4.9,2.27609,3.435,13578.9
2016-09-01,183.958,100.23016,101.86105,205723000.0,5.0,1.83702,3.46,13608.3
2016-10-01,184.033,99.05186,101.98804,205781000.0,4.9,1.94719,3.47,13627.7
2016-11-01,184.246,99.85422,101.8294,205866000.0,4.7,2.00305,3.77,13657.8
2016-12-01,184.419,103.84365,101.86274,205905000.0,4.7,2.05173,4.198,13685.3
2017-01-01,184.672,105.02355,102.45636,205304000.0,4.7,1.94717,4.15,13742.1
2017-02-01,185.04,106.97443,102.7787,205336000.0,4.6,1.59971,4.1675,13792.3
2017-03-01,186.546,107.79796,102.86224,205351000.0,4.4,1.78939,4.196,13851.3
2017-04-01,188.556,107.27432,103.16728,205348000.0,4.4,2.47364,4.045,13869.6
2017-05-01,190.554,108.38791,103.25546,205414000.0,4.4,2.27141,4.01,13962.6
2017-06-01,192.288,109.92614,103.34913,205502000.0,4.3,2.95735,3.904,13963.5
2017-07-01,193.539,111.18471,103.27782,205595000.0,4.3,2.56459,3.9675,13999.9
2017-08-01,194.375,110.95262,103.58708,205649000.0,4.4,3.07126,3.88,14015.8
2017-09-01,194.844,112.86192,104.13557,205689000.0,4.3,3.76961,3.805,14030.9
2017-10-01,195.107,115.63231,104.06975,205716000.0,4.2,4.37246,3.895,14062.7
2017-11-01,195.47,115.94859,104.07228,205756000.0,4.2,3.56661,3.922,14078.4
2017-12-01,195.864,119.04481,104.0111,205790000.0,4.1,2.84323,3.95,14111.5
2018-01-01,196.134,124.24317,104.57773,206253000.0,4.0,2.46151,4.0325,14211.4
2018-02-01,196.924,119.48912,105.05196,206272000.0,4.1,3.60581,4.33,14250.1
2018-03-01,198.593,118.08173,105.28949,206328000.0,4.0,3.51376,4.444,14298.3
2018-04-01,200.636,117.40131,105.70803,206365000.0,4.0,3.80564,4.4675,14329.5
2018-05-01,202.474,118.30351,106.14766,206408000.0,3.8,2.63969,4.586,14373.2
2018-06-01,204.066,118.59993,106.31685,206441000.0,4.0,2.55848,4.57,14416.2
2018-07-01,204.974,119.52958,106.32402,206518000.0,3.8,1.56966,4.5275,14467.0
2018-08-01,205.352,121.28153,106.38309,206566000.0,3.8,1.87169,4.55,14509.6
2018-09-01,205.397,122.26119,106.50671,206652000.0,3.7,1.10057,4.6275,14498.8
2018-10-01,205.391,117.41845,106.69488,206733000.0,3.8,0.24478,4.83,14527.7
2018-11-01,205.129,115.52938,106.33752,206777000.0,3.8,0.67042,4.866,14550.4
2018-12-01,204.722,108.75523,105.99788,206780000.0,3.9,1.87959,4.6375,14719.3
2019-01-01,204.233,111.16616,106.19998,206121000.0,4.0,2.51756,4.464,14714.3
2019-02-01,204.467,117.22345,106.64889,206166000.0,3.8,2.95735,4.37,14742.1
2019-03-01,205.816,118.283,107.25053,206206000.0,3.8,3.55669,4.265,14732.5
2019-04-01,207.729,121.03784,107.81843,206242000.0,3.6,3.04537,4.1425,14678.0
2019-05-01,209.393,118.64245,108.04795,206275000.0,3.6,3.18505,4.072,14673.5
2019-06-01,210.629,120.17347,108.06946,206281000.0,3.6,2.84951,3.8025,14686.4
2019-07-01,211.381,123.43003,108.25004,206263000.0,3.7,2.94888,3.765,14703.7
2019-08-01,211.74,118.28403,108.24456,206240000.0,3.7,2.91359,3.616,14777.8
2019-09-01,211.92,121.7589,108.32936,206277000.0,3.5,1.05005,3.605,14807.9
2019-10-01,212.014,121.35093,108.57702,206344000.0,3.6,0.12213,3.688,14821.4
2019-11-01,212.154,125.88704,108.5188,206400000.0,3.6,2.68322,3.695,14885.9
2019-12-01,212.283,128.52031,108.42007,206424000.0,3.6,6.09081,3.72,14844.1
2020-01-01,212.435,130.9052,108.84072,205690000.0,3.5,3.94962,3.624,14976.5
2020-02-01,213.25,128.69358,109.13901,205688000.0,3.5,-13.45235,3.465,15068.8
2020-03-01,215.225,100.45803,108.90147,205690000.0,4.4,-47.04313,3.45,14844.0
2020-04-01,217.272,101.80408,108.17325,205694000.0,14.7,-71.28495,3.306,17170.7
2020-05-01,218.523,105.65555,108.17536,205736000.0,13.2,-21.7276,3.2325,16333.0
2020-06-01,219.848,113.16621,108.7673,205744000.0,11.0,27.8092,3.1625,16057.3
2020-07-01,221.604,115.09434,109.31748,205745000.0,10.2,48.35587,3.016,16151.9
2020-08-01,224.086,120.63801,109.66218,205742000.0,8.4,36.18541,2.935,15553.9
2020-09-01,226.845,119.74555,109.81491,205692000.0,7.9,10.62274,2.89,15643.4
2020-10-01,229.863,121.4711,109.86047,205707000.0,6.9,-4.36484,2.834,15568.4
2020-11-01,232.375,128.24796,109.79339,205748000.0,6.7,-4.36943,2.765,15366.5
2020-12-01,234.43,134.59409,109.89676,205777000.0,6.7,4.32938,2.684,15393.8
2021-01-01,236.513,138.83574,110.36424,205453000.0,6.4,9.14256,2.735,16988.6
2021-02-01,239.29,142.34292,110.96841,205386000.0,6.2,6.87477,2.81,15548.2
2021-03-01,244.294,144.96486,111.75443,205341000.0,6.0,9.33854,3.0825,19119.5
2021-04-01,249.898,150.28601,112.67293,205307000.0,6.0,6.97615,3.06,16146.9
2021-05-01,255.524,153.5066,113.57624,205292000.0,5.8,5.12697,2.9625,15669.5
2021-06-01,261.254,155.21782,114.63144,205276000.0,5.9,1.84294,2.975,15603.3
2021-07-01,265.587,154.78493,115.18288,205275000.0,5.4,0.57541,2.868,15735.2
2021-08-01,268.855,156.60779,115.42083,205174000.0,5.2,1.659,2.8425,15720.0
2021-09-01,271.502,155.12097,115.73431,205160000.0,4.7,6.64173,2.9,15466.3
2021-10-01,273.71,156.8541,116.69585,205153000.0,4.6,10.77098,3.0675,15472.4
2021-11-01,276.092,159.94283,117.26923,205122000.0,4.2,6.97022,3.0675,15470.8
2021-12-01,278.681,157.33822,117.62954,205119000.0,3.9,-1.19019,3.098,15442.7
2022-01-01,282.06,158.10031,118.61934,207397000.0,4.0,-6.00027,3.445,15163.5
2022-02-01,287.307,155.27345,119.70281,207396000.0,3.8,-2.29249,3.7625,15173.6
2022-03-01,294.717,152.95571,121.301,207331000.0,3.6,3.71768,4.172,15119.6
